StockCode,Description,Revenue
22423,wonky bottom/broken,327813.64999999997
22423,faulty,327813.64999999997
22423,smashed,327813.64999999997
22423,"broken, uneven bottom",327813.64999999997
22423,damaged,327813.64999999997
22423,REGENCY CAKESTAND 3 TIER,327813.64999999997
22423,damages,327813.64999999997
DOT,DOTCOM POSTAGE,322647.47
85123A,21733 mixed,253720.02
85123A,WHITE HANGING HEART T-LIGHT HOLDER,253720.02
